{
    "faces": [32,11,21,20,0,0,0,32,13,9,7,1,2,3,32,9,8,4,2,4,5,32,14,4,8,6,5,4,32,12,8,9,7,4,2,32,1,22,10,8,0,0,32,30,26,24,9,10,11,32,29,25,27,6,6,12,32,31,27,26,13,12,10,32,0,18,17,1,1,0,32,3,19,16,14,6,7,32,1,16,18,8,7,1,32,33,6,5,0,0,0,32,35,10,22,0,0,0,32,38,13,15,9,1,0,32,37,14,12,6,6,7,32,39,12,13,13,7,1,32,40,17,18,15,0,1,32,43,16,19,12,7,6,32,42,18,16,10,1,7,32,45,33,32,16,0,0,32,46,47,35,17,0,0,32,50,38,36,18,9,19,32,51,49,37,20,6,6,32,50,51,39,18,20,13,32,54,52,40,21,11,15,32,55,43,41,22,12,6,32,54,42,43,21,10,12,32,57,45,44,23,16,0,32,59,47,46,0,0,17,32,62,50,48,21,18,19,32,61,49,51,6,6,20,32,63,51,50,22,20,18,32,64,52,54,19,11,21,32,67,55,53,20,22,6,32,66,54,55,18,21,22,32,20,21,57,0,0,23,32,23,59,58,0,0,16,32,24,26,62,11,10,21,32,25,61,63,6,6,22,32,27,63,62,12,22,21,32,28,64,66,19,19,18,32,29,31,67,6,13,20,32,31,30,66,13,9,18,32,23,11,20,0,0,0,32,15,13,7,0,1,3,32,7,9,4,3,2,5,32,12,14,8,7,6,4,32,13,12,9,1,7,2,32,3,1,10,14,8,0,32,28,30,24,19,9,11,32,31,29,27,13,6,12,32,30,31,26,9,13,10,32,2,0,17,0,1,0,32,1,3,16,8,14,7,32,0,1,18,1,8,1,32,32,33,5,0,0,0,32,34,35,22,0,0,0,32,36,38,15,19,9,0,32,39,37,12,13,6,7,32,38,39,13,9,13,1,32,42,40,18,10,15,1,32,41,43,19,6,12,6,32,43,42,16,12,10,7,32,44,45,32,0,16,0,32,34,46,35,0,17,0,32,48,50,36,19,18,19,32,39,51,37,13,20,6,32,38,50,39,9,18,13,32,42,54,40,10,21,15,32,53,55,41,6,22,6,32,55,54,43,22,21,12,32,56,57,44,0,23,0,32,58,59,46,16,0,17,32,60,62,48,11,21,19,32,63,61,51,22,6,20,32,62,63,50,21,22,18,32,66,64,54,18,19,21,32,65,67,53,6,20,6,32,67,66,55,20,18,22,32,56,20,57,0,0,23,32,11,23,58,0,0,16,32,60,24,62,11,11,21,32,27,25,63,12,6,22,32,26,27,62,10,12,21,32,30,28,66,9,19,18,32,65,29,67,6,6,20,32,67,31,66,20,13,18],
    "uvs": [],
    "normals": [-0.766564,0,0.64214,-0.087954,0,0.996094,-0.07181,0.577349,0.813318,-0.542039,0.707083,0.454054,0.813318,0.577349,0.07181,0.542039,0.707083,-0.454054,0.766564,0,-0.64214,0.996094,0,0.087954,0.64214,0,0.766564,-0.077181,-0.479507,0.874111,-0.077181,0.479507,0.874111,-0.652058,0.525742,0.54622,0.898953,0.418287,0.129856,0.898953,-0.418287,0.129856,-0.999512,0,0.030274,-0.652058,0.525712,0.54622,-0.766564,6.1e-05,0.64214,-0.766564,-6.1e-05,0.64214,-0.058596,-0.74575,0.663594,-0.652058,-0.525742,0.54622,0.939695,-0.279946,-0.196356,-0.058596,0.74575,0.663594,0.939695,0.279946,-0.196356,-0.766564,-3.1e-05,0.64214],
    "metadata": {
        "faces": 88,
        "uvs": 0,
        "type": "Geometry",
        "version": 3,
        "normals": 24,
        "generator": "io_three",
        "vertices": 68
    },
    "name": "Plane.020Geometry",
    "vertices": [-112.143,4e-06,92.0569,-87.669,3e-06,71.5553,-128.226,3e-06,72.8572,-103.753,2e-06,52.3556,-103.753,11,52.3556,-103.753,5,52.3556,-87.669,5,71.5553,-128.226,11,72.8572,-87.669,11,71.5553,-112.143,11,92.0569,-103.753,2.8,52.3556,-87.669,3.2,71.5553,-87.669,5,71.5553,-112.143,5,92.0569,-103.753,5,52.3556,-128.226,5,72.8572,-87.669,2.8,71.5553,-128.226,2.8,72.8572,-112.143,2.8,92.0569,-103.753,2.8,52.3556,-103.753,4.6,52.3556,-87.669,4.6,71.5553,-87.669,2.8,71.5553,-103.753,3.2,52.3556,-128.226,4.6,72.8572,-103.753,4.6,52.3556,-112.143,4.6,92.0569,-87.669,4.6,71.5553,-128.226,3.2,72.8572,-103.753,3.2,52.3556,-112.143,3.2,92.0569,-87.669,3.2,71.5553,-103.753,4.9,52.3556,-87.669,4.9,71.5553,-87.669,2.9,71.5553,-103.753,2.9,52.3556,-128.226,4.9,72.8572,-103.753,4.9,52.3556,-112.143,4.9,92.0569,-87.669,4.9,71.5553,-128.226,2.9,72.8572,-103.753,2.9,52.3556,-112.143,2.9,92.0569,-87.669,2.9,71.5553,-103.753,4.8,52.3556,-87.7975,4.8,71.4019,-87.7975,3,71.4019,-103.753,3,52.3556,-128.073,4.8,72.7288,-103.753,4.8,52.3556,-112.118,4.8,91.7751,-87.7975,4.8,71.4019,-128.073,3,72.7288,-103.753,3,52.3556,-112.118,3,91.7751,-87.7975,3,71.4019,-103.753,4.7,52.3556,-87.7975,4.7,71.4019,-87.7975,3.1,71.4019,-103.753,3.1,52.3556,-128.073,4.7,72.7288,-103.753,4.7,52.3556,-112.118,4.7,91.7751,-87.7975,4.7,71.4019,-128.073,3.1,72.7288,-103.753,3.1,52.3556,-112.118,3.1,91.7751,-87.7975,3.1,71.4019]
}